Rank,ArtificialInteligence,AskAcademia,ChatGPT,PhD,Professors,college
1,degree,work,work,work,class,work
2,make,like,like,think,one,would
3,go,tool,go,dont,im,like
4,dont,paper,make,paper,like,dont
5,know,would,dont,tool,make,paper
6,need,think,paper,make,think,go
7,people,dont,would,like,know,make
8,work,make,know,ask,go,say
9,job,essay,tool,good,dont,know
10,think,ask,cheat,would,work,cheat
11,good,way,way,know,good,class
12,would,good,say,give,paper,people
13,like,also,think,research,course,think
14,tool,help,people,time,even,one
15,code,need,ask,say,take,im
16,even,research,time,go,cheat,way
17,youre,academic,essay,people,assignment,take
18,learn,thing,teacher,well,would,ask
19,thing,go,good,im,say,even
20,time,know,need,help,way,also
